# x_m,y_m,w_tr_right_m,w_tr_left_m
29.048719958776317,-1.41017645173683,2.0,2.0
29.283963028607904,-1.5262130677175212,2.0,2.0
29.513772249191163,-1.6534476170020684,2.0,2.0
29.738283165318347,-1.7908697738437596,2.0,2.0
29.95763132178169,-1.9374692124958823,2.0,2.0
30.17195226337346,-2.092235607211725,2.0,2.0
30.381381534885904,-2.2541586322445752,2.0,2.0
30.586054681111253,-2.422227961847721,2.0,2.0
30.78610724684177,-2.59543327027445,2.0,2.0
30.9816747768697,-2.7727642317780496,2.0,2.0
31.172764015735087,-2.9535117782472797,2.0,2.0
31.358859252535048,-3.1381888398875994,2.0,2.0
31.53931232343336,-3.327618147986573,2.0,2.0
31.71347506458057,-3.5226224338626966,2.0,2.0
31.880699312127245,-3.7240244288344653,2.0,2.0
32.04033690222392,-3.9326468642203745,2.0,2.0
32.19171451184943,-4.149264532534784,2.0,2.0
32.33371881098899,-4.373813827901876,2.0,2.0
32.46486198787906,-4.6055175992069985,2.0,2.0
32.58364428354074,-4.843575930865257,2.0,2.0
32.688565938995175,-5.087188907291763,2.0,2.0
32.77812719526345,-5.335556612901624,2.0,2.0
32.85083267519491,-5.5878792444095255,2.0,2.0
32.906799246648816,-5.84339831791022,2.0,2.0
32.95015437902295,-6.101458135097586,2.0,2.0
32.98563867108369,-6.36141871123587,2.0,2.0
33.01791061030028,-6.622647296495156,2.0,2.0
33.04921342509322,-6.884723951857105,2.0,2.0
33.07904024032336,-7.147471052588777,2.0,2.0
33.106734746582525,-7.410724140755257,2.0,2.0
33.131640634462556,-7.674318758421633,2.0,2.0
33.15310159455528,-7.938090447652985,2.0,2.0
33.170473597349414,-8.20187696144164,2.0,2.0
33.183521088717825,-8.465589596504454,2.0,2.0
33.192502397610404,-8.729228570463622,2.0,2.0
33.197705407677944,-8.992799422101113,2.0,2.0
33.199418002571235,-9.256307690198888,2.0,2.0
33.19792806594108,-9.519758913538915,2.0,2.0
33.19352348143824,-9.783158630903161,2.0,2.0
33.186492132713525,-10.04651238107359,2.0,2.0
33.177121903417735,-10.309825702832171,2.0,2.0
33.165700677201656,-10.573104134960872,2.0,2.0
33.15251633771608,-10.836353216241655,2.0,2.0
33.1378567686118,-11.099578485456487,2.0,2.0
33.1220098535396,-11.362785481387334,2.0,2.0
33.10526347615028,-11.625979742816162,2.0,2.0
33.08790552009462,-11.88916680852494,2.0,2.0
33.07022386902343,-12.15235221729563,2.0,2.0
33.052503770704874,-12.415541464711865,2.0,2.0
33.034924296729116,-12.67873830628185,2.0,2.0
33.01752440881329,-12.941944201313772,2.0,2.0
33.000333482005665,-13.205160452004028,2.0,2.0
32.98338089135456,-13.468388360549017,2.0,2.0
32.96669601190825,-13.731629229145158,2.0,2.0
32.95030821871502,-13.99488435998885,2.0,2.0
32.93424688682318,-14.258155055276497,2.0,2.0
32.918541391281025,-14.521442617204505,2.0,2.0
32.903221107136844,-14.784748347969286,2.0,2.0
32.888315409438924,-15.048073549767237,2.0,2.0
32.87385367323556,-15.31141952479477,2.0,2.0
32.85986527357505,-15.574787575248289,2.0,2.0
32.84637958550569,-15.838179003324196,2.0,2.0
32.83342598407576,-16.101595111218902,2.0,2.0
32.82103384433358,-16.365037201128814,2.0,2.0
32.80923229846555,-16.6285065646088,2.0,2.0
32.79802727054711,-16.89200347629832,2.0,2.0
32.78738260212345,-17.15552636689649,2.0,2.0
32.777257692568014,-17.419073472458678,2.0,2.0
32.76761194125428,-17.682643029040275,2.0,2.0
32.758404747555694,-17.946233272696666,2.0,2.0
32.7495955108457,-18.209842439483236,2.0,2.0
32.74114363049779,-18.47346876545537,2.0,2.0
32.733008505885394,-18.737110486668456,2.0,2.0
32.725149536381984,-19.00076583917788,2.0,2.0
32.71752612136102,-19.26443305903902,2.0,2.0
32.710097660195956,-19.52811038230727,2.0,2.0
32.70282355226024,-19.79179604503801,2.0,2.0
32.69566319692735,-20.05548828328662,2.0,2.0
32.68857599357072,-20.319185333108496,2.0,2.0
32.68152134156384,-20.582885430559017,2.0,2.0
32.674458640280136,-20.846586811693573,2.0,2.0
32.66734728909308,-21.110287712567544,2.0,2.0
32.66014668737615,-21.37398636923632,2.0,2.0
32.65281623450276,-21.637681017755273,2.0,2.0
32.64531532984641,-21.901369894179805,2.0,2.0
32.63760337278053,-22.1650512345653,2.0,2.0
32.62963976267859,-22.42872327496713,2.0,2.0
32.621383898914054,-22.69238425144069,2.0,2.0
32.612795180860374,-22.956032400041366,2.0,2.0
32.603833007891005,-23.21966595682454,2.0,2.0
32.594456779379406,-23.483283157845595,2.0,2.0
32.58462589469905,-23.746882239159923,2.0,2.0
32.57429975322337,-24.0104614368229,2.0,2.0
32.56343775432584,-24.27401898688992,2.0,2.0
32.551999297379915,-24.537553125416363,2.0,2.0
32.53994378175906,-24.801062088457613,2.0,2.0
32.52723061315209,-25.06454411230293,2.0,2.0
32.513839556805806,-25.32799818718854,2.0,2.0
32.4998159567556,-25.591425731837997,2.0,2.0
32.48521833529681,-25.854828652986924,2.0,2.0
32.47010521472471,-26.118208857370906,2.0,2.0
32.45453511733466,-26.381568251725557,2.0,2.0
32.43856656542194,-26.644908742786466,2.0,2.0
32.42225808128187,-26.908232237289244,2.0,2.0
32.40566818720975,-27.17154064196947,2.0,2.0
32.38885540550091,-27.434835863562775,2.0,2.0
32.37187825845064,-27.69811980880473,2.0,2.0
32.35479526835428,-27.961394384430953,2.0,2.0
32.33766495750711,-28.22466149717704,2.0,2.0
32.32054584820447,-28.487923053778594,2.0,2.0
32.30349646274165,-28.751180960971208,2.0,2.0
32.286575323413956,-29.014437125490478,2.0,2.0
32.26984095251672,-29.27769345407202,2.0,2.0
32.25335187234525,-29.540951853451425,2.0,2.0
32.237166605194844,-29.804214230364295,2.0,2.0
32.22134367336082,-30.06748249154623,2.0,2.0
32.2059415991385,-30.330758543732827,2.0,2.0
32.191018904823174,-30.594044293659685,2.0,2.0
32.17663411271016,-30.857341648062413,2.0,2.0
32.16284574509479,-31.120652513676603,2.0,2.0
32.14971232427235,-31.383978797237862,2.0,2.0
32.13729237253816,-31.64732240548179,2.0,2.0
32.12564441218754,-31.91068524514398,2.0,2.0
32.11482696551578,-32.17406922296003,2.0,2.0
32.10489855481821,-32.43747624566556,2.0,2.0
32.09591768502377,-32.70090821911823,2.0,2.0
32.087843223376744,-32.9643620122449,2.0,2.0
32.080300075178904,-33.22781761137205,2.0,2.0
32.072843255550424,-33.49125146970501,2.0,2.0
32.06502777961152,-33.754640040449104,2.0,2.0
32.056408662482376,-34.017959776809676,2.0,2.0
32.04654091928322,-34.281187131992034,2.0,2.0
32.03497956513423,-34.54429855920154,2.0,2.0
32.02127961515561,-34.8072705116435,2.0,2.0
32.00499608446757,-35.07007944252326,2.0,2.0
31.985683988190313,-35.33270180504614,2.0,2.0
31.96289834144403,-35.59511405241747,2.0,2.0
31.936194159348926,-35.85729263784259,2.0,2.0
31.905126457025204,-36.119214014526825,2.0,2.0
31.86925024959307,-36.38085463567552,2.0,2.0
31.828120552172717,-36.642190954493984,2.0,2.0
31.781285726312937,-36.903187473193256,2.0,2.0
31.728077154432984,-37.16341896098507,2.0,2.0
31.667566343670586,-37.42199340498512,2.0,2.0
31.598809480742,-37.677991274114895,2.0,2.0
31.520862752363485,-37.93049303729591,2.0,2.0
31.432782345251304,-38.178579163449676,2.0,2.0
31.333624446121707,-38.42133012149769,2.0,2.0
31.222445241690956,-38.657826380361485,2.0,2.0
31.0983009186753,-38.88714840896255,2.0,2.0
30.960247663790998,-39.108376676222406,2.0,2.0
30.80735474059872,-39.32059428073857,2.0,2.0
30.639572534977635,-39.5230615095917,2.0,2.0
30.45827576205957,-39.71532507404496,2.0,2.0
30.26496877318234,-39.89695775443529,2.0,2.0
30.061155919683777,-40.06753233109961,2.0,2.0
29.848341552901708,-40.22662158437484,2.0,2.0
29.628030024173945,-40.37379829459788,2.0,2.0
29.40158290029025,-40.5087659307832,2.0,2.0
29.169634918115534,-40.63189321909616,2.0,2.0
28.932590122568513,-40.74376003477801,2.0,2.0
28.690852464463443,-40.84494633920236,2.0,2.0
28.44482589461462,-40.936032093742874,2.0,2.0
28.19491436383633,-41.01759725977318,2.0,2.0
27.941521822942835,-41.090221798666946,2.0,2.0
27.685052222748425,-41.15448567179779,2.0,2.0
27.425912494912524,-41.21094147408553,2.0,2.0
27.16471348064481,-41.258269753750916,2.0,2.0
26.902397399502913,-41.29210875059121,2.0,2.0
26.639936845461317,-41.307817843865855,2.0,2.0
26.37830435768321,-41.30075728742,2.0,2.0
26.118345886406676,-41.26830722530186,2.0,2.0
25.860510579849716,-41.21417929155624,2.0,2.0
25.605170044541367,-41.1433223982739,2.0,2.0
25.352695887010675,-41.060685457545645,2.0,2.0
25.103464157425822,-40.97051439236874,2.0,2.0
24.857873983993013,-40.873404152200266,2.0,2.0
24.61633196364956,-40.768768124196995,2.0,2.0
24.379244697128854,-40.65601909496755,2.0,2.0
24.14701878516432,-40.534569851120544,2.0,2.0
23.92006082848936,-40.40383317926461,2.0,2.0
23.698777427837378,-40.263221866008365,2.0,2.0
23.48357518394178,-40.11214869796042,2.0,2.0
23.274864233976484,-39.95002875047282,2.0,2.0
23.073536738810603,-39.77658905906187,2.0,2.0
22.881451637747126,-39.592182347072146,2.0,2.0
22.700583342466313,-39.39723607023613,2.0,2.0
22.532906264648478,-39.192177684286385,2.0,2.0
22.380394815973887,-38.977434644955416,2.0,2.0
22.245023408122844,-38.75343440797575,2.0,2.0
22.12836564479976,-38.52067100871353,2.0,2.0
22.02946938075359,-38.28005804364707,2.0,2.0
21.946401181472066,-38.03267211469221,2.0,2.0
21.877225431688974,-37.77959018601765,2.0,2.0
21.820006516138072,-37.52188922179204,2.0,2.0
21.772808819553124,-37.260646186184026,2.0,2.0
21.7336967266679,-36.99693804336228,2.0,2.0
21.700734622216167,-36.73184175749546,2.0,2.0
21.671986890931677,-36.46643429275222,2.0,2.0
21.645517923484825,-36.2017926076072,2.0,2.0
21.619665751458083,-35.938731202306755,2.0,2.0
21.59377278358552,-35.67710124509481,2.0,2.0
21.567411805946488,-35.41653294153314,2.0,2.0
21.540155604620338,-35.15665649718353,2.0,2.0
21.51157696568641,-34.897102117607744,2.0,2.0
21.481248675224066,-34.63750000836758,2.0,2.0
21.4486617482237,-34.37754671550906,2.0,2.0
21.41295638630288,-34.11722339825066,2.0,2.0
21.373178731350905,-33.85658752600805,2.0,2.0
21.32837492414137,-33.59569656910208,2.0,2.0
21.277591105447858,-33.334607997853624,2.0,2.0
21.21985928416599,-33.07339490322909,2.0,2.0
21.15296897442584,-32.813503765523045,2.0,2.0
21.072514298799316,-32.558807737093794,2.0,2.0
20.973865087460016,-32.313427891494065,2.0,2.0
20.85239402002719,-32.08148370725085,2.0,2.0
20.705373946041817,-31.866031010464475,2.0,2.0
20.535267537270247,-31.667220535989937,2.0,2.0
20.345415387801758,-31.484711586732637,2.0,2.0
20.139158091725623,-31.318163465597966,2.0,2.0
19.919836243131115,-31.167235475491292,2.0,2.0
19.690790436107516,-31.031586919318034,2.0,2.0
19.455132983095016,-30.910834989620348,2.0,2.0
19.214228538059636,-30.804274494143243,2.0,2.0
18.96863412683958,-30.711051260133548,2.0,2.0
18.71890241445245,-30.630310310411858,2.0,2.0
18.46558606591586,-30.561196667798804,2.0,2.0
18.20923774624744,-30.502855355115,2.0,2.0
17.95041012046478,-30.454431395181068,2.0,2.0
17.689655853585506,-30.41506981081761,2.0,2.0
17.42752761062723,-30.383915624845258,2.0,2.0
17.164578056607567,-30.36011386008463,2.0,2.0
16.901318272039127,-30.342774613901852,2.0,2.0
16.63793151886307,-30.330732659655077,2.0,2.0
16.374445713537163,-30.322692301153545,2.0,2.0
16.110887840195602,-30.317357059178708,2.0,2.0
15.847284882972557,-30.313430454512005,2.0,2.0
15.583663826002217,-30.30961600793486,2.0,2.0
15.320050422344083,-30.30467943861369,2.0,2.0
15.05645393116161,-30.298219797518318,2.0,2.0
14.79287183301884,-30.290431233434845,2.0,2.0
14.529301354108215,-30.281520746931122,2.0,2.0
14.26573972062217,-30.271695338574983,2.0,2.0
14.00218415875314,-30.26116200893427,2.0,2.0
13.738631894693555,-30.250127758576827,2.0,2.0
13.47508015463585,-30.238799588070496,2.0,2.0
13.211526164772453,-30.22738449798311,2.0,2.0
12.947967151295812,-30.21608948888253,2.0,2.0
12.684400340398348,-30.205121561336565,2.0,2.0
12.420822958272511,-30.19468771591309,2.0,2.0
12.157232231110711,-30.184994953179924,2.0,2.0
11.893625833665677,-30.176217276141035,2.0,2.0
11.630003741382119,-30.168359441350248,2.0,2.0
11.366366665319285,-30.16137209114386,2.0,2.0
11.102715316863248,-30.15520584381948,2.0,2.0
10.83905040740002,-30.149811317674704,2.0,2.0
10.575372648315662,-30.145139131007127,2.0,2.0
10.311682750996209,-30.141139902114364,2.0,2.0
10.047981426827683,-30.137764249294005,2.0,2.0
9.784269387196147,-30.13496279084364,2.0,2.0
9.520547343487623,-30.132686145060898,2.0,2.0
9.256816007088174,-30.130884930243365,2.0,2.0
8.993076089383823,-30.129509764688628,2.0,2.0
8.729328301760605,-30.128511266694314,2.0,2.0
8.46557335560458,-30.127840054557996,2.0,2.0
8.20181196230176,-30.127446746577288,2.0,2.0
7.9380448332382185,-30.127281961049803,2.0,2.0
7.674272679799977,-30.127296316273117,2.0,2.0
7.410496213373064,-30.12744043054485,2.0,2.0
7.146716145343547,-30.12766492216259,2.0,2.0
6.882933187097437,-30.127920409423943,2.0,2.0
6.6191480500208035,-30.128157510626508,2.0,2.0
6.355361445499671,-30.128326844067885,2.0,2.0
6.091574084920067,-30.12837902804568,2.0,2.0
5.8277866796680575,-30.12826468085748,2.0,2.0
5.563999941129658,-30.127934420800905,2.0,2.0
5.300214580690933,-30.127338866173535,2.0,2.0
5.036431309737897,-30.12642863527299,2.0,2.0
4.772650839656616,-30.12515434639685,2.0,2.0
4.508873881833119,-30.123466617842737,2.0,2.0
4.245101147653428,-30.121316067908236,2.0,2.0
3.9813333485036155,-30.118653314890953,2.0,2.0
3.7175711957696884,-30.115428977088477,2.0,2.0
3.4538153487364633,-30.11159889581193,2.0,2.0
3.190065670770197,-30.10719870110318,2.0,2.0
2.9263214040770045,-30.10232629266968,2.0,2.0
2.662581774388215,-30.0970812217771,2.0,2.0
2.3988460074351,-30.091563039691103,2.0,2.0
2.1351133289489868,-30.085871297677347,2.0,2.0
1.8713829646611624,-30.080105547001512,2.0,2.0
1.6076541403029099,-30.074365338929265,2.0,2.0
1.3439260816055598,-30.06875022472626,2.0,2.0
1.0801980143003829,-30.063359755658166,2.0,2.0
0.8164691641187071,-30.05829348299066,2.0,2.0
0.5527387567918182,-30.053650957989387,2.0,2.0
0.2890060180510018,-30.049531731920045,2.0,2.0
0.025270173627586556,-30.046035356048275,2.0,2.0
-0.2384695507471569,-30.04326138163975,2.0,2.0
-0.5022139293418996,-30.04130935996013,2.0,2.0
-0.7659636447957742,-30.040271075047528,2.0,2.0
-1.0297171080558243,-30.040045744860183,2.0,2.0
-1.2934703632204603,-30.04033195508007,2.0,2.0
-1.5572193437172206,-30.04081891007073,2.0,2.0
-1.8209599829735856,-30.041195814195667,2.0,2.0
-2.084688214417094,-30.041151871818407,2.0,2.0
-2.348399971475228,-30.04037628730248,2.0,2.0
-2.61209118757551,-30.038558265011396,2.0,2.0
-2.8757577961454652,-30.03538700930868,2.0,2.0
-3.139395730612575,-30.030551724557856,2.0,2.0
-3.4030009244043757,-30.023741615122436,2.0,2.0
-3.6665693109483515,-30.014645885365958,2.0,2.0
-3.9300968236720237,-30.00295373965192,2.0,2.0
-4.193579396002918,-29.988354382343868,2.0,2.0
-4.457012961368515,-29.970537017805306,2.0,2.0
-4.720393453196354,-29.94919085039976,2.0,2.0
-4.9835821855488405,-29.92373081547773,2.0,2.0
-5.24576148206895,-29.892188495912194,2.0,2.0
-5.505900079209947,-29.85216031914597,2.0,2.0
-5.762966635189401,-29.801242553227176,2.0,2.0
-6.01592980822494,-29.737031466203923,2.0,2.0
-6.263758256534137,-29.657123326124328,2.0,2.0
-6.505420638334604,-29.559114401036496,2.0,2.0
-6.7398856118439525,-29.440600958988544,2.0,2.0
-6.966549599844406,-29.30065895274226,2.0,2.0
-7.187379424569878,-29.14725562968953,2.0,2.0
-7.404856839732465,-28.99056207341531,2.0,2.0
-7.617800590647806,-28.831593219704885,2.0,2.0
-7.823212591304518,-28.666821848278783,2.0,2.0
-8.018081710071247,-28.49268812424946,2.0,2.0
-8.199396815316675,-28.305632212729346,2.0,2.0
-8.364146775409452,-28.102094278830883,2.0,2.0
-8.509311626050334,-27.87858396972113,2.0,2.0
-8.631405209778311,-27.635278234341182,2.0,2.0
-8.72625322926166,-27.3777672639867,2.0,2.0
-8.7896260443878,-27.112076603139663,2.0,2.0
-8.817294015044153,-26.844231796282124,2.0,2.0
-8.80502750111814,-26.580258387896084,2.0,2.0
-8.74860907063887,-26.326175389202167,2.0,2.0
-8.647998730107847,-26.085766229783392,2.0,2.0
-8.513414183489369,-25.857324869959694,2.0,2.0
-8.356619012862465,-25.63831798396409,2.0,2.0
-8.189376800306148,-25.42621224602956,2.0,2.0
-8.022310945040566,-25.21895690420729,2.0,2.0
-7.850998012802369,-25.020869665632855,2.0,2.0
-7.661901765941127,-24.84001505178784,2.0,2.0
-7.453341294014328,-24.678564708503064,2.0,2.0
-7.229399978913266,-24.535832934700036,2.0,2.0
-6.994196805093959,-24.411116381188044,2.0,2.0
-6.751845920300363,-24.30371070310601,2.0,2.0
-6.505375919689465,-24.212688087146265,2.0,2.0
-6.2553631496913065,-24.13661590777899,2.0,2.0
-6.0020474139919555,-24.073992259841944,2.0,2.0
-5.745668516277536,-24.02331523817289,2.0,2.0
-5.486466260234132,-23.9830829376096,2.0,2.0
-5.224698468710874,-23.951824355925687,2.0,2.0
-4.9610498735842326,-23.92880064156457,2.0,2.0
-4.6966391596614425,-23.9140171739618,2.0,2.0
-4.432415017018607,-23.907271071487184,2.0,2.0
-4.168519785322598,-23.907331073901027,2.0,2.0
-3.904881280644429,-23.912692328398016,2.0,2.0
-3.641427317254986,-23.921849979877,2.0,2.0
-3.378085709425098,-23.93329917323682,2.0,2.0
-3.114784271425654,-23.945535053376332,2.0,2.0
-2.8514528065948475,-23.95709449346314,2.0,2.0
-2.588059877899265,-23.967327497596596,2.0,2.0
-2.324609282041664,-23.976323231779265,2.0,2.0
-2.0611060976021887,-23.98419775427878,2.0,2.0
-1.7975554031610415,-23.99106712336278,2.0,2.0
-1.5339622772983648,-23.997047397298886,2.0,2.0
-1.2703317985943614,-24.002254634354742,2.0,2.0
-1.0066690456291896,-24.006804892797966,2.0,2.0
-0.7429790969830071,-24.010814230896212,2.0,2.0
-0.4792670312360165,-24.014398706917092,2.0,2.0
-0.21553792696836102,-24.017674379128252,2.0,2.0
0.04820313723975735,-24.020757305797318,2.0,2.0
0.31195108280817985,-24.02376354519192,2.0,2.0
0.5757010581464216,-24.026803917600116,2.0,2.0
0.839451040611534,-24.02992396294045,2.0,2.0
1.103200927256109,-24.033124922526955,2.0,2.0
1.3669506516577723,-24.036407194826033,2.0,2.0
1.630700147394195,-24.03977117830411,2.0,2.0
1.8944493480430482,-24.043217271427622,2.0,2.0
2.158198187181957,-24.046745872662985,2.0,2.0
2.421946598388608,-24.050357380476612,2.0,2.0
2.685694515240627,-24.054052193334943,2.0,2.0
2.9494418713156847,-24.057830709704394,2.0,2.0
3.2131886001914514,-24.06169332805139,2.0,2.0
3.476934635445554,-24.065640446842355,2.0,2.0
3.7406799106556776,-24.06967246454371,2.0,2.0
4.004424359399448,-24.073789779621876,2.0,2.0
4.268167915254536,-24.077992790543284,2.0,2.0
4.531910511798614,-24.082281895774354,2.0,2.0
4.795652082609306,-24.086657493781512,2.0,2.0
5.059392561264299,-24.091119983031174,2.0,2.0
5.323131881341219,-24.095669761989775,2.0,2.0
5.586869976417735,-24.100307229123725,2.0,2.0
5.85060678007152,-24.10503278289946,2.0,2.0
6.114342225880199,-24.109846821783393,2.0,2.0
6.378076247421457,-24.11474974424196,2.0,2.0
6.641808778272922,-24.119741948741574,2.0,2.0
6.905539752012263,-24.124823833748657,2.0,2.0
7.169269102217151,-24.12999579772964,2.0,2.0
7.432996762465215,-24.135258239150946,2.0,2.0
7.696722666334136,-24.140611556478998,2.0,2.0
7.960446747401541,-24.146056148180207,2.0,2.0
8.22416893924512,-24.151592412721026,2.0,2.0
8.487889175442493,-24.15722074856784,2.0,2.0
8.751607389571339,-24.162941554187107,2.0,2.0
9.015323518708744,-24.168754992424805,2.0,2.0
9.279037618390008,-24.174653250199302,2.0,2.0
9.542749888569208,-24.180618790552302,2.0,2.0
9.80646053795587,-24.186633487006574,2.0,2.0
10.070169775259576,-24.192679213084883,2.0,2.0
10.3338778091899,-24.198737842310003,2.0,2.0
10.59758484845638,-24.2047912482047,2.0,2.0
10.861291101768606,-24.210821304291738,2.0,2.0
11.124996777836108,-24.216809884093887,2.0,2.0
11.388702085368465,-24.22273886113391,2.0,2.0
11.65240723307526,-24.22859010893459,2.0,2.0
11.916112429666018,-24.234345501018684,2.0,2.0
12.17981788385034,-24.239986910908964,2.0,2.0
12.443523804337751,-24.245496212128188,2.0,2.0
12.707230399837833,-24.250855278199136,2.0,2.0
12.970937879060159,-24.25604598264456,2.0,2.0
13.234646450714267,-24.261050198987256,2.0,2.0
13.49835632350975,-24.265849800749972,2.0,2.0
13.762067706156135,-24.270426661455467,2.0,2.0
14.02578080736301,-24.274762654626535,2.0,2.0
14.289495835839938,-24.278839653785923,2.0,2.0
14.553213000296465,-24.282639532456407,2.0,2.0
14.816932509442175,-24.28614416416076,2.0,2.0
15.080654571986605,-24.289335422421736,2.0,2.0
15.344379396639349,-24.292195180762118,2.0,2.0
15.608107192109934,-24.29470531270466,2.0,2.0
15.871838167107946,-24.296847691772143,2.0,2.0
16.135572530342948,-24.298604191487318,2.0,2.0
16.399310490524492,-24.299956685372976,2.0,2.0
16.663052256362157,-24.300887046951868,2.0,2.0
16.926798036565486,-24.301377149746767,2.0,2.0
17.190548039844042,-24.30140886728044,2.0,2.0
17.4543024506377,-24.300963330233706,2.0,2.0
17.718056403715483,-24.299867110108405,2.0,2.0
17.981793813910144,-24.297603361139227,2.0,2.0
18.245497085111197,-24.29360899095348,2.0,2.0
18.50914862120817,-24.287320907178454,2.0,2.0
18.772730826090605,-24.278176017441453,2.0,2.0
19.036226103647998,-24.26561122936976,2.0,2.0
19.299616857769905,-24.24906345059068,2.0,2.0
19.562885492345814,-24.2279695887315,2.0,2.0
19.826014270873358,-24.201766371439895,2.0,2.0
20.088745292833433,-24.169582640892866,2.0,2.0
20.35008831910898,-24.129608395817918,2.0,2.0
20.60891401775016,-24.079855320710134,2.0,2.0
20.864093056807047,-24.018335100064544,2.0,2.0
21.114496104329792,-23.943059418376222,2.0,2.0
21.358993828368515,-23.85203996014021,2.0,2.0
21.59645689697333,-23.743288409851573,2.0,2.0
21.825755978194366,-23.61481645200536,2.0,2.0
22.045660253639667,-23.4654712480573,2.0,2.0
22.254264036872176,-23.29965574299151,2.0,2.0
22.450885513484703,-23.12348603355788,2.0,2.0
22.64192798829369,-22.940467202230955,2.0,2.0
22.832500918816386,-22.752184648425335,2.0,2.0
23.01503395143282,-22.55592712681721,2.0,2.0
23.178988427325987,-22.347977611120506,2.0,2.0
23.313825687678886,-22.124619075049182,2.0,2.0
23.40937152588988,-21.882432395512684,2.0,2.0
23.462138347505334,-21.62346408535751,2.0,2.0
23.474500036385546,-21.354551829074172,2.0,2.0
23.449029003953466,-21.082695587558067,2.0,2.0
23.388297661632027,-20.81489532170467,2.0,2.0
23.29487842084416,-20.558150992409388,2.0,2.0
23.17138369721408,-20.319359475429824,2.0,2.0
23.022348114027277,-20.100464390729595,2.0,2.0
22.855039209919234,-19.896367024051976,2.0,2.0
22.67693298959639,-19.70143147372044,2.0,2.0
22.49550528421287,-19.5100220043365,2.0,2.0
22.314429173371742,-19.32014624326813,2.0,2.0
22.1237649037457,-19.14285408161786,2.0,2.0
21.913144068980714,-18.98963665300516,2.0,2.0
21.68395851737041,-18.860855110861095,2.0,2.0
21.440903130298324,-18.7537445969822,2.0,2.0
21.188672962168976,-18.665540089416854,2.0,2.0
20.931926421516827,-18.59348160604233,2.0,2.0
20.673567680531555,-18.535050421144206,2.0,2.0
20.414010627230642,-18.488070292514838,2.0,2.0
20.153479605964307,-18.450391045485617,2.0,2.0
19.89219896108274,-18.419862505387925,2.0,2.0
19.63039303693621,-18.394334497553153,2.0,2.0
19.36825291339289,-18.37197943181744,2.0,2.0
19.10583632759889,-18.35226281784527,2.0,2.0
18.84316760966893,-18.334974132187774,2.0,2.0
18.580271089717694,-18.319902851396193,2.0,2.0
18.3171710978599,-18.306838452021758,2.0,2.0
18.053891964210237,-18.29557041061572,2.0,2.0
17.79045801888343,-18.28588820372932,2.0,2.0
17.526893591994146,-18.277581307913785,2.0,2.0
17.263223013657125,-18.270439199720357,2.0,2.0
16.99947061398705,-18.264251355700285,2.0,2.0
16.73566072309861,-18.2588072524048,2.0,2.0
16.47181767110653,-18.25389636638515,2.0,2.0
16.207965599170333,-18.24930973595466,2.0,2.0
15.94411915425708,-18.244916871317663,2.0,2.0
15.680279239329664,-18.240700880332934,2.0,2.0
15.416445681803424,-18.236653760530604,2.0,2.0
15.152618309093679,-18.232767509440833,2.0,2.0
14.88879694861582,-18.229034124593767,2.0,2.0
14.624981427785166,-18.22544560351954,2.0,2.0
14.361171574017057,-18.221993943748316,2.0,2.0
14.097367214726829,-18.218671142810223,2.0,2.0
13.8335681773298,-18.215469198235414,2.0,2.0
13.569774289241366,-18.21238010755404,2.0,2.0
13.305985377876842,-18.20939586829624,2.0,2.0
13.042201270651566,-18.206508477992163,2.0,2.0
12.77842179498088,-18.20370993417195,2.0,2.0
12.514646778280099,-18.200992234365756,2.0,2.0
12.250876047964619,-18.198347376103722,2.0,2.0
11.98710943144975,-18.195767356915994,2.0,2.0
11.723346756150837,-18.193244174332712,2.0,2.0
11.459587849483222,-18.190769825884036,2.0,2.0
11.195832538862215,-18.188336309100094,2.0,2.0
10.932080651703215,-18.185935621511046,2.0,2.0
10.668332015421532,-18.18355976064703,2.0,2.0
10.404586457432515,-18.181200724038202,2.0,2.0
10.140843805151492,-18.17885050921469,2.0,2.0
9.877103885993789,-18.176501113706657,2.0,2.0
9.613366527374797,-18.17414453504424,2.0,2.0
9.34963155670983,-18.17177277075759,2.0,2.0
9.085898801414231,-18.169377818376844,2.0,2.0
8.822168088903336,-18.166951675432156,2.0,2.0
8.558439246592464,-18.16448633945367,2.0,2.0
8.294712101897005,-18.16197380797153,2.0,2.0
8.030986482232283,-18.15940607851589,2.0,2.0
7.767262214347632,-18.156775176030017,2.0,2.0
7.5035390522390895,-18.15407612005048,2.0,2.0
7.2398166126332075,-18.15130958025122,2.0,2.0
6.976094497033271,-18.14847685291364,2.0,2.0
6.712372306942474,-18.145579234319158,2.0,2.0
6.448649643864041,-18.142618020749175,2.0,2.0
6.184926109301198,-18.139594508485104,2.0,2.0
5.92120130475714,-18.13650999380836,2.0,2.0
5.657474831735151,-18.133365773000346,2.0,2.0
5.393746291738426,-18.130163142342475,2.0,2.0
5.130015286270186,-18.126903398116156,2.0,2.0
4.866281416833661,-18.123587836602795,2.0,2.0
4.602544284932044,-18.120217754083814,2.0,2.0
4.338803492068617,-18.116794446840608,2.0,2.0
4.075058639746579,-18.113319211154593,2.0,2.0
3.811309329469152,-18.109793343307178,2.0,2.0
3.547555162739532,-18.106218139579777,2.0,2.0
3.2837957410610024,-18.102594896253795,2.0,2.0
3.020030665936758,-18.09892490961064,2.0,2.0
2.7562595388700246,-18.09520947593173,2.0,2.0
2.4924819613640263,-18.091449891498463,2.0,2.0
2.2286975349219578,-18.087647452592257,2.0,2.0
1.9649058610471026,-18.083803455494518,2.0,2.0
1.7011065412426576,-18.079919196486664,2.0,2.0
1.4372991770118455,-18.07599597185009,2.0,2.0
1.1734833698578928,-18.072035077866225,2.0,2.0
0.9096587212839932,-18.068037810816463,2.0,2.0
0.6458248327934308,-18.064005466982213,2.0,2.0
0.3819813058894014,-18.059939342644896,2.0,2.0
0.1181277420751288,-18.05584073408592,2.0,2.0
-0.14573625714616206,-18.05171093758668,2.0,2.0
-0.4096110902712749,-18.0475512494286,2.0,2.0
-0.6734971476780669,-18.043362973474263,2.0,2.0
-0.93738863971466,-18.03915318432791,2.0,2.0
-1.2012625911791928,-18.034945003987172,2.0,2.0
-1.4650930635121682,-18.030764321551416,2.0,2.0
-1.72885411815412,-18.026637026120028,2.0,2.0
-1.992519816545493,-18.022589006792373,2.0,2.0
-2.2560642201268197,-18.01864615266783,2.0,2.0
-2.5194613903386043,-18.014834352845778,2.0,2.0
-2.7826853886213514,-18.0111794964256,2.0,2.0
-3.0457102764155923,-18.007707472506663,2.0,2.0
-3.3085109577783864,-18.004428045231972,2.0,2.0
-3.571100564765558,-18.00061941850439,2.0,2.0
-3.8335453086461477,-17.994544031778677,2.0,2.0
-4.09591531421729,-17.98438943224066,2.0,2.0
-4.358280706276152,-17.968343167076206,2.0,2.0
-4.620711609619812,-17.94459278347117,2.0,2.0
-4.88327814904544,-17.9113258286114,2.0,2.0
-5.145769130614579,-17.866841569886603,2.0,2.0
-5.406607875933079,-17.809981549986546,2.0,2.0
-5.663803990901904,-17.73975161065768,2.0,2.0
-5.915366989949517,-17.65515762997297,2.0,2.0
-6.159306387504461,-17.55520548600534,2.0,2.0
-6.393631697995253,-17.438901056827735,2.0,2.0
-6.616548276025184,-17.305445415576184,2.0,2.0
-6.8301014017045585,-17.15786691190162,2.0,2.0
-7.039817174329534,-17.00266058172624,2.0,2.0
-7.2484365808518705,-16.843202961702374,2.0,2.0
-7.4529489107820535,-16.676461566565067,2.0,2.0
-7.649669415072357,-16.498652840963228,2.0,2.0
-7.834913344675072,-16.305993229545717,2.0,2.0
-8.004983276610798,-16.09473961088696,2.0,2.0
-8.155218563264922,-15.864221860499097,2.0,2.0
-8.27933555883835,-15.618947741033374,2.0,2.0
-8.370894621297976,-15.36392269338949,2.0,2.0
-8.423456108610715,-15.104152158467123,2.0,2.0
-8.430580378743462,-14.844641577166039,2.0,2.0
-8.387447159699082,-14.590035161544685,2.0,2.0
-8.29976581791018,-14.342628303438774,2.0,2.0
-8.177455684540098,-14.10377728833555,2.0,2.0
-8.030447183954772,-13.874835927189142,2.0,2.0
-7.868670740520188,-13.65715803095375,2.0,2.0
-7.699886536273353,-13.451524891448901,2.0,2.0
-7.522855588366639,-13.256388725724959,2.0,2.0
-7.335803224402119,-13.07118855958077,2.0,2.0
-7.138878931196873,-12.897054245820831,2.0,2.0
-6.932323215692208,-12.735195619654426,2.0,2.0
-6.716376584829452,-12.586822516290868,2.0,2.0
-6.491279545549932,-12.453144770939451,2.0,2.0
-6.25727272500331,-12.335371985957025,2.0,2.0
-6.0148472850237145,-12.234228459551762,2.0,2.0
-5.7652726053946655,-12.14893102440705,2.0,2.0
-5.50996872537402,-12.078404674700552,2.0,2.0
-5.250355684219639,-12.021574404609941,2.0,2.0
-4.987853521189351,-11.977365208312879,2.0,2.0
-4.7238822755410705,-11.944702079987035,2.0,2.0
-4.459788046364064,-11.922484356524913,2.0,2.0
-4.196057602544793,-11.9093131866961,2.0,2.0
-3.932623412854477,-11.903597376780272,2.0,2.0
-3.6694087125111783,-11.903742529008335,2.0,2.0
-3.4063367367330506,-11.908154245611192,2.0,2.0
-3.143330720738158,-11.915238128819745,2.0,2.0
-2.8803140541515924,-11.923402871442168,2.0,2.0
-2.6172340217053853,-11.931535445607672,2.0,2.0
-2.35408742272418,-11.939513896881982,2.0,2.0
-2.090877204437949,-11.947339325979883,2.0,2.0
-1.827606314076581,-11.955012833616172,2.0,2.0
-1.564277698869991,-11.96253552050563,2.0,2.0
-1.3008943060480962,-11.96990848736306,2.0,2.0
-1.0374590828407824,-11.977132834903243,2.0,2.0
-0.7739749764780258,-11.984209663840977,2.0,2.0
-0.5104449341897119,-11.991140074891046,2.0,2.0
-0.24687190320575825,-11.997925168768242,2.0,2.0
0.01674116924391965,-12.00456604618736,2.0,2.0
0.28039133592943505,-12.011063807863188,2.0,2.0
0.544075649620813,-12.017419554510514,2.0,2.0
0.807791163088166,-12.023634386844131,2.0,2.0
1.0715349291015783,-12.029709405578828,2.0,2.0
1.335304000431134,-12.0356457114294,2.0,2.0
1.5990954298469457,-12.041444405110632,2.0,2.0
1.8629062701190382,-12.047106587337312,2.0,2.0
2.1267335740175257,-12.052633358824245,2.0,2.0
2.390574394312492,-12.058025820286208,2.0,2.0
2.654425783774019,-12.063285072437996,2.0,2.0
2.9182847951722217,-12.068412215994396,2.0,2.0
3.182148481277124,-12.073408351670205,2.0,2.0
3.44601389485884,-12.078274580180206,2.0,2.0
3.709878088687453,-12.083012002239201,2.0,2.0
3.973738115533048,-12.08762171856197,2.0,2.0
4.237591028165735,-12.092104829863306,2.0,2.0
4.501433879355543,-12.096462436858003,2.0,2.0
4.765263721872582,-12.100695640260847,2.0,2.0
5.029077608486936,-12.104805540786629,2.0,2.0
5.292872591968691,-12.108793239150142,2.0,2.0
5.5566457250881065,-12.112659836066756,2.0,2.0
5.8203948982321965,-12.116409735266519,2.0,2.0
6.084121296339691,-12.12006033204294,2.0,2.0
6.347826914240769,-12.12363221537345,2.0,2.0
6.611513746765615,-12.12714597423549,2.0,2.0
6.875183788744434,-12.130622197606483,2.0,2.0
7.138839035007349,-12.13408147446387,2.0,2.0
7.40248148038457,-12.13754439378508,2.0,2.0
7.666113119706278,-12.141031544547552,2.0,2.0
7.929735947802651,-12.144563515728708,2.0,2.0
8.1933519595039,-12.148160896305988,2.0,2.0
8.456963149640146,-12.151844275256826,2.0,2.0
8.720571513041598,-12.155634241558655,2.0,2.0
8.984179044538436,-12.159551384188902,2.0,2.0
9.247787738960842,-12.163616292125004,2.0,2.0
9.511399591139023,-12.167849554344398,2.0,2.0
9.775016595903104,-12.172271759824511,2.0,2.0
10.038640748083292,-12.17690349754278,2.0,2.0
10.302274042509767,-12.181765356476633,2.0,2.0
10.56591847401274,-12.186877925603511,2.0,2.0
10.82957603742233,-12.19226179390084,2.0,2.0
11.09324872756875,-12.197937550346056,2.0,2.0
11.356938539282176,-12.203925783916588,2.0,2.0
11.620647467392791,-12.210247083589875,2.0,2.0
11.884377506730806,-12.216922038343348,2.0,2.0
12.148130652126339,-12.22397123715444,2.0,2.0
12.411908898409601,-12.231415269000582,2.0,2.0
12.675714240410775,-12.23927472285921,2.0,2.0
12.939548672960035,-12.247570187707755,2.0,2.0
13.203414190887594,-12.256322252523649,2.0,2.0
13.467312789023573,-12.265551506284327,2.0,2.0
13.731246462198186,-12.275278537967225,2.0,2.0
13.995217205241604,-12.285523936549767,2.0,2.0
14.25922409777393,-12.296268886127253,2.0,2.0
14.523243435113452,-12.307186595485314,2.0,2.0
14.78724079474312,-12.317805400476772,2.0,2.0
15.05118169175245,-12.327652793581306,2.0,2.0
15.315031641230918,-12.336256267278587,2.0,2.0
15.578756158268,-12.343143314048293,2.0,2.0
15.842320757953207,-12.347841426370104,2.0,2.0
16.105690955375955,-12.349878096723689,2.0,2.0
16.368832265625755,-12.34878081758873,2.0,2.0
16.63171020379209,-12.344077081444903,2.0,2.0
16.894290284964427,-12.335294380771876,2.0,2.0
17.15653802423228,-12.321960208049333,2.0,2.0
17.41841893668507,-12.303602055756949,2.0,2.0
17.67989853741231,-12.2797474163744,2.0,2.0
17.940942341503465,-12.249923782381357,2.0,2.0
18.20151586404803,-12.213658646257507,2.0,2.0
18.461573610621873,-12.170571226099192,2.0,2.0
18.721024716850167,-12.120658739144645,2.0,2.0
18.979766632887454,-12.06401575997617,2.0,2.0
19.237696808877143,-12.000736863268662,2.0,2.0
19.494712694962644,-11.930916623697021,2.0,2.0
19.75066373021928,-11.854592776303278,2.0,2.0
20.003607570739288,-11.7696817892858,2.0,2.0
20.249316569924492,-11.67139459291167,2.0,2.0
20.48341453116474,-11.554766251163953,2.0,2.0
20.70152552666167,-11.414832175652274,2.0,2.0
20.90116426080064,-11.249072737453167,2.0,2.0
21.086259933335768,-11.063263512449764,2.0,2.0
21.262100823455587,-10.864937633684056,2.0,2.0
21.433975210348585,-10.661628234198043,2.0,2.0
21.605894238860976,-10.459563855412037,2.0,2.0
21.768773017563678,-10.251595449062762,2.0,2.0
21.906516645041886,-10.023746634195055,2.0,2.0
22.01128470172025,-9.774593227982551,2.0,2.0
22.080870555540198,-9.511245154295386,2.0,2.0
22.113173129379902,-9.240972232471854,2.0,2.0
22.106091346117545,-8.971044281850235,2.0,2.0
22.0575241286313,-8.708731121768881,2.0,2.0
21.965604976621304,-8.461125122756052,2.0,2.0
21.834523294144866,-8.230737584573077,2.0,2.0
21.67491587004761,-8.01520259554676,2.0,2.0
21.497732462404823,-7.811917494196684,2.0,2.0
21.31392282929184,-7.6182796190424815,2.0,2.0
21.13127016546501,-7.432795749546559,2.0,2.0
20.940786213175027,-7.259848629502969,2.0,2.0
20.731991408767293,-7.104163678874126,2.0,2.0
20.50676341985729,-6.965586893931936,2.0,2.0
20.269334670072645,-6.843034492070013,2.0,2.0
20.023937583041032,-6.735422690681995,2.0,2.0
19.77455166053633,-6.641672036062775,2.0,2.0
19.522745557243706,-6.560744337525213,2.0,2.0
19.268751826323506,-6.49162427251908,2.0,2.0
19.01278881347657,-6.433296761662859,2.0,2.0
18.755074864403756,-6.384746725575047,2.0,2.0
18.495828324805945,-6.34495908487414,2.0,2.0
18.23526754038397,-6.312918760178629,2.0,2.0
17.973610856838746,-6.287610672107015,2.0,2.0
17.711076619871122,-6.268019741277791,2.0,2.0
17.447883175181957,-6.253130888309449,2.0,2.0
17.184248868472125,-6.241929033820488,2.0,2.0
16.920392045442455,-6.233399098429398,2.0,2.0
16.65651228583497,-6.226600529664586,2.0,2.0
16.392669392843377,-6.221147882004385,2.0,2.0
16.128860094546027,-6.216906205703231,2.0,2.0
15.865080812234215,-6.213741769386122,2.0,2.0
15.601327967199184,-6.21152084167805,2.0,2.0
15.337597980732292,-6.210109691204018,2.0,2.0
15.073887274124791,-6.2093745865890195,2.0,2.0
14.810192268667967,-6.209181796458052,2.0,2.0
14.546509385653106,-6.209397589436112,2.0,2.0
14.282835046371469,-6.209888234148202,2.0,2.0
14.019165672114399,-6.210519999219311,2.0,2.0
13.755497684173148,-6.21115915327444,2.0,2.0
13.49182750383901,-6.211671964938584,2.0,2.0
13.228151552403267,-6.211924702836742,2.0,2.0
12.964466251157177,-6.2117836355939104,2.0,2.0
12.700768021392085,-6.211115031835085,2.0,2.0
12.437053967133483,-6.209811157853214,2.0,2.0
12.1733246059097,-6.207894261870939,2.0,2.0
11.909581519881954,-6.205427132002554,2.0,2.0
11.645826291561825,-6.2024725697055505,2.0,2.0
11.38206050346099,-6.199093376437416,2.0,2.0
11.11828573809104,-6.195352353655639,2.0,2.0
10.854503577963586,-6.191312302817709,2.0,2.0
10.590715605590246,-6.1870360253811105,2.0,2.0
10.32692340348261,-6.182586322803336,2.0,2.0
10.06312855415235,-6.178025996541871,2.0,2.0
9.799332640111054,-6.1734178480542035,2.0,2.0
9.53553724387034,-6.168824678797825,2.0,2.0
9.271743947941827,-6.1643092902302214,2.0,2.0
9.007954334837097,-6.1599344838088825,2.0,2.0
8.744169987067826,-6.155763060991293,2.0,2.0
8.480392487145608,-6.1518578232349475,2.0,2.0
8.216623203655722,-6.148273347877743,2.0,2.0
7.952862023776752,-6.145007261502474,2.0,2.0
7.6891082077964334,-6.14203309068938,2.0,2.0
7.425361013758584,-6.139324275751046,2.0,2.0
7.161619699706939,-6.136854257000057,2.0,2.0
6.897883523685258,-6.134596474748995,2.0,2.0
6.634151743737304,-6.13252436931044,2.0,2.0
6.370423617906813,-6.1306113809969816,2.0,2.0
6.106698404237602,-6.128830950121199,2.0,2.0
5.842975360773407,-6.1271565169956785,2.0,2.0
5.579253745557989,-6.125561521933003,2.0,2.0
5.315532816635108,-6.124019405245752,2.0,2.0
5.051811832048502,-6.122503607246514,2.0,2.0
4.788090049841988,-6.1209875682478705,2.0,2.0
4.524366728059299,-6.119444728562406,2.0,2.0
4.2606411247442,-6.117848528502702,2.0,2.0
3.9969124979404502,-6.116172408381344,2.0,2.0
3.733180105691786,-6.114389808510914,2.0,2.0
3.469443206042024,-6.1124741692039954,2.0,2.0
3.2057010570349016,-6.110398930773175,2.0,2.0
2.941952916714179,-6.108137533531033,2.0,2.0
2.678198043123588,-6.105663417790151,2.0,2.0
2.4144356943069516,-6.102950023863117,2.0,2.0
2.1506651283080016,-6.0999707920625115,2.0,2.0
1.886885603170501,-6.0966991627009195,2.0,2.0
1.623096376938212,-6.093108576090926,2.0,2.0
1.3592967076548665,-6.089172472545109,2.0,2.0
1.0954858533642866,-6.084864292376058,2.0,2.0
0.8316630721102051,-6.080157475896353,2.0,2.0
0.567827621936384,-6.075025463418579,2.0,2.0
0.3039787608865859,-6.069441695255319,2.0,2.0
0.04011574700454325,-6.0633796117191565,2.0,2.0
-0.2237610874282325,-6.056825416530275,2.0,2.0
-0.4876373953329651,-6.049931828299062,2.0,2.0
-0.7514890057335717,-6.042968286922393,2.0,2.0
-1.01529154490625,-6.036206641216297,2.0,2.0
-1.279020639127229,-6.02991873999681,2.0,2.0
-1.542651914672648,-6.024376432079969,2.0,2.0
-1.8061609978187356,-6.019851566281809,2.0,2.0
-2.0695235148416904,-6.016615991418362,2.0,2.0
-2.3327150920177107,-6.014941556305665,2.0,2.0
-2.595711355623024,-6.01510010975975,2.0,2.0
-2.858510748502006,-6.01710204099084,2.0,2.0
-3.12122633920312,-6.01964422040666,2.0,2.0
-3.384007114365856,-6.021011925846211,2.0,2.0
-3.647002073171035,-6.019490291434894,2.0,2.0
-3.910360214799505,-6.013364451298106,2.0,2.0
-4.174230538432028,-6.0009195395612425,2.0,2.0
-4.438731101603541,-5.980442355526055,2.0,2.0
-4.703206746592214,-5.950261310364506,2.0,2.0
-4.966193272139656,-5.908748355277501,2.0,2.0
-5.22618836507667,-5.854277492522065,2.0,2.0
-5.481689712233965,-5.785222724355233,2.0,2.0
-5.731195000442348,-5.699958053034029,2.0,2.0
-5.973201967801466,-5.596857672385258,2.0,2.0
-6.206419277329828,-5.47508391200922,2.0,2.0
-6.430247235190243,-5.336383474692017,2.0,2.0
-6.644227696768343,-5.183031971832794,2.0,2.0
-6.84790251744984,-5.017305014830655,2.0,2.0
-7.040946969502492,-4.841344161291901,2.0,2.0
-7.2243888276784896,-4.655932009709161,2.0,2.0
-7.400042608143368,-4.461060661384767,2.0,2.0
-7.569732571265962,-4.256712426900516,2.0,2.0
-7.733793977802855,-4.042829942035964,2.0,2.0
-7.8852357259576475,-3.8191606296354386,2.0,2.0
-8.014817186563981,-3.5853919732708563,2.0,2.0
-8.113297128849446,-3.3412114404841473,2.0,2.0
-8.171486902245734,-3.086331997727927,2.0,2.0
-8.184745647000685,-2.82267207477285,2.0,2.0
-8.15642643086827,-2.5560267779113075,2.0,2.0
-8.090693641072779,-2.292584664982477,2.0,2.0
-7.991711664838486,-2.038534293825507,2.0,2.0
-7.8636448893897,-1.8000642222796326,2.0,2.0
-7.71091624186272,-1.5822545543659043,2.0,2.0
-7.539809631881864,-1.382239827359187,2.0,2.0
-7.358145768864526,-1.1906862349425253,2.0,2.0
-7.1717786163559145,-1.0007820899743582,2.0,2.0
-6.9795773255505935,-0.8166329885952099,2.0,2.0
-6.779014819662645,-0.6445268355922444,2.0,2.0
-6.567564021906175,-0.49075153575264724,2.0,2.0
-6.342901705402289,-0.36120812534655733,2.0,2.0
-6.105427376564366,-0.25663040850572916,2.0,2.0
-5.857480715173853,-0.17407010775266865,2.0,2.0
-5.601443083436493,-0.11049984026272236,2.0,2.0
-5.339695843558035,-0.06289222321123682,2.0,2.0
-5.0746203577441955,-0.028219873773555483,2.0,2.0
-4.808592773442704,-0.003459285943546192,2.0,2.0
-4.543224768164608,0.013844714799933383,2.0,2.0
-4.278565470616653,0.024985654049976835,2.0,2.0
-4.01447312059403,0.031115144456627643,2.0,2.0
-3.7508059578918975,0.03338479866992936,2.0,2.0
-3.4874222223055047,0.032946229339925054,2.0,2.0
-3.22418015363001,0.030951049116658642,2.0,2.0
-2.9609497582498965,0.028456215861188836,2.0,2.0
-2.697690472432594,0.025799280434741525,2.0,2.0
-2.4344028014776424,0.022987419239589215,2.0,2.0
-2.1710874665071644,0.020026072522168835,2.0,2.0
-1.907745188643192,0.016920680528916338,2.0,2.0
-1.6443766890077893,0.013676683506268031,2.0,2.0
-1.3809826887230185,0.010299521700660185,2.0,2.0
-1.117563908910915,0.006794635358528703,2.0,2.0
-0.8541210706935995,0.003167464726310644,2.0,2.0
-0.5906548951931037,-0.0005765499495581074,2.0,2.0
-0.3271661035314929,-0.004431968422641243,2.0,2.0
-0.06365541683082947,-0.008393350446502489,2.0,2.0
0.19987644378685293,-0.012455255774706011,2.0,2.0
0.46342875719943266,-0.016612244160814627,2.0,2.0
0.7270008022848767,-0.020858875358392495,2.0,2.0
0.9905918579211218,-0.025189709121003337,2.0,2.0
1.2542012029861045,-0.02959930520221086,2.0,2.0
1.5178281163577914,-0.03408222335557928,2.0,2.0
1.7814718769140614,-0.03863302333467132,2.0,2.0
2.0451317635328796,-0.04324626489305119,2.0,2.0
2.308807055092184,-0.0479165077842826,2.0,2.0
2.5724970304699117,-0.05263831176192927,2.0,2.0
2.836200968544029,-0.057406236579555445,2.0,2.0
3.099918148192415,-0.06221484199072379,2.0,2.0
3.363647848293034,-0.06705868774899852,2.0,2.0
3.6273893477238244,-0.07193233360794339,2.0,2.0
3.891141925362724,-0.07683033932112208,2.0,2.0
4.154904860087696,-0.08174726464209886,2.0,2.0
4.418677430776623,-0.08667766932443638,2.0,2.0
4.6824589163074695,-0.09161611312169887,2.0,2.0
4.946248595558172,-0.09655715578745004,2.0,2.0
5.210045747406667,-0.10149535707525363,2.0,2.0
5.473849650730922,-0.10642527673867389,2.0,2.0
5.737659584408816,-0.11134147453127344,2.0,2.0
6.001474827318315,-0.11623851020661656,2.0,2.0
6.265294658337356,-0.12111094351826694,2.0,2.0
6.529118356343874,-0.1259533342197883,2.0,2.0
6.792945200215837,-0.13076024206474487,2.0,2.0
7.056774468831124,-0.13552622680669935,2.0,2.0
7.320605441067701,-0.14024584819921598,2.0,2.0
7.584437395803505,-0.1449136659958584,2.0,2.0
7.848269611916472,-0.1495242399501904,2.0,2.0
8.11210136828457,-0.1540721298157762,2.0,2.0
8.375931943785677,-0.15855189534617847,2.0,2.0
8.639760617297755,-0.16295809629496139,2.0,2.0
8.903586667698749,-0.1672852924156888,2.0,2.0
9.16740937386659,-0.17152804346192427,2.0,2.0
9.431228014679247,-0.17568090918723211,2.0,2.0
9.695041869014599,-0.17973844934517505,2.0,2.0
9.958850215750608,-0.18369522368931723,2.0,2.0
10.222652333765218,-0.18754579197322244,2.0,2.0
10.48644750193636,-0.19128471395045435,2.0,2.0
10.750234999142004,-0.1949065493745771,2.0,2.0
11.014014104260024,-0.19840585799915353,2.0,2.0
11.277784096168393,-0.20177719957774784,2.0,2.0
11.54154425374504,-0.2050151338639237,2.0,2.0
11.805293855867939,-0.20811422061124524,2.0,2.0
12.069032181414965,-0.2110690195732754,2.0,2.0
12.332758509264083,-0.2138740905035783,2.0,2.0
12.596472118293233,-0.21652399315571758,2.0,2.0
12.860172287380347,-0.219013287283257,2.0,2.0
13.123858609582143,-0.22134134554806123,2.0,2.0
13.387532645505338,-0.2235376815380315,2.0,2.0
13.651196715808474,-0.22564345208343814,2.0,2.0
13.914853142780313,-0.2276998389883533,2.0,2.0
14.178504248709604,-0.2297480240568489,2.0,2.0
14.442152355885145,-0.23182918909299735,2.0,2.0
14.705799786595621,-0.23398451590087005,2.0,2.0
14.96944886312983,-0.23625518628453937,2.0,2.0
15.233101907776529,-0.23868238204807735,2.0,2.0
15.496761242824471,-0.24130728499555598,2.0,2.0
15.760429190562439,-0.2441710769310476,2.0,2.0
16.024108073279137,-0.24731493965862358,2.0,2.0
16.287800213263353,-0.2507800549823564,2.0,2.0
16.551507932803844,-0.25460760470631794,2.0,2.0
16.815233554189366,-0.25883877063458033,2.0,2.0
17.078979399708704,-0.26351473457121616,2.0,2.0
17.342747368971462,-0.26866706819415026,2.0,2.0
17.606535818755503,-0.2742467925685005,2.0,2.0
17.870341337758884,-0.2801647293039216,2.0,2.0
18.134160501661402,-0.28633140402380114,2.0,2.0
18.397989886142863,-0.2926573423515269,2.0,2.0
18.66182606688302,-0.299053069910485,2.0,2.0
18.925665619561666,-0.3054291123240633,2.0,2.0
19.18950511985861,-0.311695995215649,2.0,2.0
19.45334114345363,-0.31776424420862953,2.0,2.0
19.71717026602655,-0.32354438492639287,2.0,2.0
19.980989063257102,-0.3289469429923249,2.0,2.0
20.244794110825108,-0.33388244402981365,2.0,2.0
20.50858198441035,-0.33826141366224627,2.0,2.0
20.772349259692614,-0.34199437751301026,2.0,2.0
21.036092512351733,-0.3449918612054932,2.0,2.0
21.29980831806743,-0.34716439036308155,2.0,2.0
21.563493445906804,-0.3484386962341065,2.0,2.0
21.8271472474736,-0.3489579235784018,2.0,2.0
22.090770914419096,-0.34901941095795214,2.0,2.0
22.354365677914263,-0.34892380863639966,2.0,2.0
22.617932769129986,-0.34897176687738674,2.0,2.0
22.881473419237253,-0.3494639359445556,2.0,2.0
23.14498885940701,-0.35070096610154866,2.0,2.0
23.408480320810202,-0.35298350761200803,2.0,2.0
23.67194903461781,-0.3566122107395765,2.0,2.0
23.93539623200072,-0.3618877257478954,2.0,2.0
24.198823144129907,-0.36911070290060755,2.0,2.0
24.46223100217632,-0.378581792461355,2.0,2.0
24.725621037310916,-0.39060164469378006,2.0,2.0
24.98899448070466,-0.40547090986152684,2.0,2.0
25.252352563528444,-0.4234902382282343,2.0,2.0
25.515696516953252,-0.44496028005754623,2.0,2.0
25.7789969691046,-0.47020794216644457,2.0,2.0
26.04200383586534,-0.49974949627636395,2.0,2.0
26.304370207356357,-0.5341842878927139,2.0,2.0
26.56574876017619,-0.5741120173113697,2.0,2.0
26.82579217092349,-0.620132384828218,2.0,2.0
27.084153116196838,-0.672845090739141,2.0,2.0
27.340484272594875,-0.7328498353400289,2.0,2.0
27.594438316716158,-0.8007463189267514,2.0,2.0
27.8456679251593,-0.8771342417951971,2.0,2.0
28.093825774522927,-0.9626133042412491,2.0,2.0
28.338564541405617,-1.05778320656079,2.0,2.0
28.57953690240602,-1.163243649049715,2.0,2.0
28.816395534122684,-1.2795943320038834,2.0,2.0
29.048793113154225,-1.407434955719189,2.0,2.0